Jill,Doe
Joe,Doe
Justin,Doe
Jane,Doe
John,Doe
9b23f10d,11eec1
4727902e,9069cd
1e644eab,fdf49d
22560595,14d281
86410496,672500
54f1a888,567418
c2c4d719,724f73
e363fc2f,3dda18
fa930286,b13961
f98e96db,f13860
62c02a23,cd6dfe
454b6169,ec9ffd
61528568,a86552
f4e53ae7,b636d4
7ec7cb84,287615
aeec5879,8504b5
af28c396,a0ce9b
801e09f6,63a563
140c3083,8dd653
801e81d4,5d3ac2
2d45ea3b,e029f0
3fac9975,1c6e69
4acb8b22,e462ba
51bbf503,63b75b
ac0e3afe,108990
430ffd3a,96e900
ebd8432d,a618f8
b0c8ac39,8b827b
06b724cd,2f9c9b
77c10679,cbab9e
7c8bc8f0,48636b
6ca2b436,4ec5af
1a3bac3b,0a8b09
3ea6b76b,3d1fa1
5edb1f39,f11144
51e128ba,b525e0
82de2c01,ace240
581ed11a,5f1b64
28101e7a,29387c
cdf8be34,53ded5
d6b3262b,062596
7d6bad4b,2f59a9
db3800e5,ef5118
3a65259c,970044
8b7c85e9,c1bb19
25b1c29d,70c3af
2b4f0846,338e5a
f0d5dbaa,b0dacf
191ad396,4256c0
bf9ee34c,bf5f32
ef4f9435,5150a9
750eb0f3,9df543
a8f67319,2b0c48
62af2eab,7316b0
14b2f7d3,4a44bf
ee393904,73a299
64d92a74,cb9da9
ed98cb06,310d33
b0da72ec,ae4e6f
fa0c7322,6d4dc2
e0efd23a,70e255
bedb195e,243940
340ba465,6d3322
11557ad2,236338
65cb43ad,adf6d1
0700bf4b,7c18d6
c45eb24b,f57bb7
213f1738,baf0c2
90087f18,ae0d76
b7110afa,5b48cf
9b5486d3,2fd231
0194f388,aba110
4e40efb7,64d141
339bc470,44023c
5ed863b7,4673ee
43ccf2d5,1cd91b
6254e271,091ed3
6406d3db,495a55
4b4bb756,145d1c
d052c77f,c12671
bb235fff,054f3a
b7d8ea57,deaa96
e618871b,31f6ec
8f532807,76636e
091848b0,e084a0
a98cbb5e,555c17
f98e2724,22b350
20694c65,0dd10a
2c89e2f4,b98304
f5730093,5cb5b8
835f354b,5b4ba4
288270cb,8bb4ec
1cef44b4,ea684c
49d34189,29bef9
45b8910b,5d2bf8
a7e17e4c,228e71
f376ffa4,4927b3
b6972def,e9b56f
01789802,c15652
3a50448f,4538d0
